<?xml version="1.0" encoding="UTF-8"?>
<project-private xmlns="http://www.netbeans.org/ns/project-private/1">
    <editor-bookmarks xmlns="http://www.netbeans.org/ns/editor-bookmarks/2" lastBookmarkId="0"/>
    <open-files xmlns="http://www.netbeans.org/ns/projectui-open-files/2">
        <group>
            <file>file:/C:/Users/USUARIO%202/Documents/NetBeansProjects/Programa3/src/Vistas/frmUsuarios.java</file>
            <file>file:/C:/Users/USUARIO%202/Documents/NetBeansProjects/Programa3/src/Modelos/Usuarios.java</file>
            <file>file:/C:/Users/USUARIO%202/Documents/NetBeansProjects/Programa3/src/Controladores/usuariosController.java</file>
            <file>file:/C:/Users/USUARIO%202/Documents/NetBeansProjects/Programa3/src/main.java</file>
            <file>file:/C:/Users/USUARIO%202/Documents/NetBeansProjects/Programa3/src/Vistas/frmPrincipal.java</file>
            <file>file:/C:/Users/USUARIO%202/Documents/NetBeansProjects/Programa3/src/Modelos/usuariosModel.java</file>
        </group>
    </open-files>
</project-private>
